,Unnamed: 0,Imię,Nazwisko,Płeć,mail,telefon
95,95,OLIWIA,BARAN,KOBIETA,OLIWIA.BARAN@gmail.com,671511635
67,67,DANUTA,KACZMAREK,KOBIETA,DANUTA.KACZMAREK@gmail.com,885091649
3,3,TOMASZ,WÓJCIK,MĘŻCZYZNA,TOMASZ.WÓJCIK@gmail.com,570838525
56,56,EWA,LEWANDOWSKA,KOBIETA,EWA.LEWANDOWSKA@gmail.com,559364204
13,13,MATEUSZ,MAZUR,MĘŻCZYZNA,MATEUSZ.MAZUR@gmail.com,834597501
36,36,JANUSZ,PAWLAK,MĘŻCZYZNA,JANUSZ.PAWLAK@poczta.onet.com,560535332
90,90,MAJA,SIKORA,KOBIETA,MAJA.SIKORA@02.com,885720146
65,65,NATALIA,WOJCIECHOWSKA,KOBIETA,NATALIA.WOJCIECHOWSKA@gmail.com,742273488
0,0,PIOTR,NOWAK,MĘŻCZYZNA,PIOTR.NOWAK@interia.com,742703975
81,81,JUSTYNA,NOWICKA,KOBIETA,JUSTYNA.NOWICKA@poczta.onet.com,777392568
94,94,EMILIA,OSTROWSKA,KOBIETA,EMILIA.OSTROWSKA@gmail.com,663592647
32,32,ARTUR,OLSZEWSKI,MĘŻCZYZNA,ARTUR.OLSZEWSKI@gmail.com,788216857
31,31,BARTOSZ,NOWICKI,MĘŻCZYZNA,BARTOSZ.NOWICKI@gmail.com,797575686
86,86,RENATA,GÓRSKA,KOBIETA,RENATA.GÓRSKA@gmail.com,661951122
97,97,WERONIKA,PIETRZAK,KOBIETA,WERONIKA.PIETRZAK@gmail.com,614791916
6,6,JAN,LEWANDOWSKI,MĘŻCZYZNA,JAN.LEWANDOWSKI@gmail.com,789568577
73,73,HALINA,KRÓL,KOBIETA,HALINA.KRÓL@gmail.com,670610550
2,2,ANDRZEJ,WIŚNIEWSKI,MĘŻCZYZNA,ANDRZEJ.WIŚNIEWSKI@gmail.com,636236926
61,61,ALEKSANDRA,KOZŁOWSKA,KOBIETA,ALEKSANDRA.KOZŁOWSKA@gmail.com,819222361
92,92,HELENA,MICHALAK,KOBIETA,HELENA.MICHALAK@gmail.com,766059599
43,43,HENRYK,MICHALAK,MĘŻCZYZNA,HENRYK.MICHALAK@gmail.com,888501888
52,52,MARIA,WIŚNIEWSKA,KOBIETA,MARIA.WIŚNIEWSKA@gmail.com,884908954
14,14,STANISŁAW,KWIATKOWSKI,MĘŻCZYZNA,STANISŁAW.KWIATKOWSKI@gmail.com,557810765
89,89,SYLWIA,WALCZAK,KOBIETA,SYLWIA.WALCZAK@gmail.com,601694507
85,85,BOŻENA,STĘPIEŃ,KOBIETA,BOŻENA.STĘPIEŃ@interia.com,694300204
44,44,ANTONI,SZEWCZYK,MĘŻCZYZNA,ANTONI.SZEWCZYK@gmail.com,688385917
34,34,SŁAWOMIR,MALINOWSKI,MĘŻCZYZNA,SŁAWOMIR.MALINOWSKI@interia.com,881643294
78,78,JANINA,MAJEWSKA,KOBIETA,JANINA.MAJEWSKA@gmail.com,787379479
51,51,KATARZYNA,KOWALSKA,KOBIETA,KATARZYNA.KOWALSKA@interia.com,815201332
40,40,ROMAN,WALCZAK,MĘŻCZYZNA,ROMAN.WALCZAK@02.com,578800886
27,27,KACPER,JABŁOŃSKI,MĘŻCZYZNA,KACPER.JABŁOŃSKI@poczta.onet.com,600448097
42,42,FILIP,BARAN,MĘŻCZYZNA,FILIP.BARAN@gmail.com,657889803
1,1,KRZYSZTOF,KOWALSKI,MĘŻCZYZNA,KRZYSZTOF.KOWALSKI@gmail.com,728211499
45,45,PRZEMYSŁAW,OSTROWSKI,MĘŻCZYZNA,PRZEMYSŁAW.OSTROWSKI@poczta.onet.com,697889527
96,96,ANETA,TOMASZEWSKA,KOBIETA,ANETA.TOMASZEWSKA@gmail.com,721358487
77,77,GRAŻYNA,WRÓBEL,KOBIETA,GRAŻYNA.WRÓBEL@gmail.com,859873872
58,58,ELŻBIETA,ZIELIŃSKA,KOBIETA,ELŻBIETA.ZIELIŃSKA@gmail.com,657558036
64,64,TERESA,KWIATKOWSKA,KOBIETA,TERESA.KWIATKOWSKA@gmail.com,586699519
18,18,MACIEJ,PIOTROWSKI,MĘŻCZYZNA,MACIEJ.PIOTROWSKI@poczta.onet.com,564801408
8,8,JAKUB,DĄBROWSKI,MĘŻCZYZNA,JAKUB.DĄBROWSKI@gmail.com,663818638
12,12,GRZEGORZ,JANKOWSKI,MĘŻCZYZNA,GRZEGORZ.JANKOWSKI@gmail.com,753214238
75,75,JOLANTA,WIECZOREK,KOBIETA,JOLANTA.WIECZOREK@gmail.com,742155617
63,63,ZOFIA,JANKOWSKA,KOBIETA,ZOFIA.JANKOWSKA@poczta.onet.com,645017912
33,33,JAROSŁAW,STĘPIEŃ,MĘŻCZYZNA,JAROSŁAW.STĘPIEŃ@gmail.com,821218446
7,7,MARCIN,ZIELIŃSKI,MĘŻCZYZNA,MARCIN.ZIELIŃSKI@gmail.com,687164287
28,28,JÓZEF,DUDEK,MĘŻCZYZNA,JÓZEF.DUDEK@gmail.com,792773845
11,11,MAREK,KOZŁOWSKI,MĘŻCZYZNA,MAREK.KOZŁOWSKI@gmail.com,723021743
80,80,ZUZANNA,DUDEK,KOBIETA,ZUZANNA.DUDEK@02.com,834544010
53,53,MAŁGORZATA,WÓJCIK,KOBIETA,MAŁGORZATA.WÓJCIK@gmail.com,766722758
91,91,PATRYCJA,RUTKOWSKA,KOBIETA,PATRYCJA.RUTKOWSKA@gmail.com,595788271
66,66,JULIA,KRAWCZYK,KOBIETA,JULIA.KRAWCZYK@gmail.com,701128042
24,24,DAWID,NOWAKOWSKI,MĘŻCZYZNA,DAWID.NOWAKOWSKI@gmail.com,654914143
72,72,ALICJA,ZAJĄC,KOBIETA,ALICJA.ZAJĄC@poczta.onet.com,741710382
84,84,WIKTORIA,MALINOWSKA,KOBIETA,WIKTORIA.MALINOWSKA@gmail.com,882642322
4,4,PAWEŁ,KOWALCZYK,MĘŻCZYZNA,PAWEŁ.KOWALCZYK@gmail.com,618445232
30,30,TADEUSZ,MAJEWSKI,MĘŻCZYZNA,TADEUSZ.MAJEWSKI@02.com,775713260
49,49,KAZIMIERZ,PIETRZAK,MĘŻCZYZNA,KAZIMIERZ.PIETRZAK@gmail.com,758353401
38,38,MIROSŁAW,SIKORA,MĘŻCZYZNA,MIROSŁAW.SIKORA@gmail.com,687691542
29,29,RYSZARD,ADAMCZYK,MĘŻCZYZNA,RYSZARD.ADAMCZYK@gmail.com,667787337
68,68,KAROLINA,PIOTROWSKA,KOBIETA,KAROLINA.PIOTROWSKA@interia.com,587307384
48,48,ADRIAN,ZALEWSKI,MĘŻCZYZNA,ADRIAN.ZALEWSKI@gmail.com,723949538
60,60,JOANNA,WOŹNIAK,KOBIETA,JOANNA.WOŹNIAK@02.com,714203017
41,41,DANIEL,RUTKOWSKI,MĘŻCZYZNA,DANIEL.RUTKOWSKI@gmail.com,826667732
98,98,EWELINA,WRÓBLEWSKA,KOBIETA,EWELINA.WRÓBLEWSKA@gmail.com,779276643
57,57,MAGDALENA,DĄBROWSKA,KOBIETA,MAGDALENA.DĄBROWSKA@gmail.com,734788559
82,82,IRENA,OLSZEWSKA,KOBIETA,IRENA.OLSZEWSKA@gmail.com,680758522
5,5,MICHAŁ,KAMIŃSKI,MĘŻCZYZNA,MICHAŁ.KAMIŃSKI@gmail.com,753221135
83,83,HANNA,JAWORSKA,KOBIETA,HANNA.JAWORSKA@gmail.com,717986269
54,54,AGNIESZKA,KOWALCZYK,KOBIETA,AGNIESZKA.KOWALCZYK@poczta.onet.com,727150910
21,21,ROBERT,PAWŁOWSKI,MĘŻCZYZNA,ROBERT.PAWŁOWSKI@gmail.com,615292513
37,37,DAMIAN,GÓRSKI,MĘŻCZYZNA,DAMIAN.GÓRSKI@gmail.com,651418899
79,79,PAULINA,ADAMCZYK,KOBIETA,PAULINA.ADAMCZYK@gmail.com,875513751
74,74,JADWIGA,NOWAKOWSKA,KOBIETA,JADWIGA.NOWAKOWSKA@gmail.com,573471598
17,17,DARIUSZ,KACZMAREK,MĘŻCZYZNA,DARIUSZ.KACZMAREK@interia.com,842561482
19,19,ZBIGNIEW,GRABOWSKI,MĘŻCZYZNA,ZBIGNIEW.GRABOWSKI@gmail.com,678235360
76,76,IWONA,JABŁOŃSKA,KOBIETA,IWONA.JABŁOŃSKA@gmail.com,647713849
46,46,KAROL,TOMASZEWSKI,MĘŻCZYZNA,KAROL.TOMASZEWSKI@gmail.com,561536099
10,10,ŁUKASZ,WOŹNIAK,MĘŻCZYZNA,ŁUKASZ.WOŹNIAK@02.com,624005095
25,25,SZYMON,WRÓBEL,MĘŻCZYZNA,SZYMON.WRÓBEL@gmail.com,567697447
69,69,MARTA,GRABOWSKA,KOBIETA,MARTA.GRABOWSKA@gmail.com,580051584
71,71,DOROTA,MICHALSKA,KOBIETA,DOROTA.MICHALSKA@gmail.com,823014971
55,55,BARBARA,KAMIŃSKA,KOBIETA,BARBARA.KAMIŃSKA@gmail.com,697775277
20,20,RAFAŁ,ZAJĄC,MĘŻCZYZNA,RAFAŁ.ZAJĄC@02.com,575752998
50,50,ANNA,NOWAK,KOBIETA,ANNA.NOWAK@02.com,798103026
59,59,KRYSTYNA,SZYMAŃSKA,KOBIETA,KRYSTYNA.SZYMAŃSKA@gmail.com,693629603
9,9,ADAM,SZYMAŃSKI,MĘŻCZYZNA,ADAM.SZYMAŃSKI@poczta.onet.com,646602044
87,87,URSZULA,PAWLAK,KOBIETA,URSZULA.PAWLAK@gmail.com,634946926
23,23,JERZY,KRÓL,MĘŻCZYZNA,JERZY.KRÓL@gmail.com,605997994
39,39,PATRYK,WITKOWSKI,MĘŻCZYZNA,PATRYK.WITKOWSKI@gmail.com,765868138
26,26,JACEK,WIECZOREK,MĘŻCZYZNA,JACEK.WIECZOREK@gmail.com,613033678
88,88,AGATA,WITKOWSKA,KOBIETA,AGATA.WITKOWSKA@gmail.com,584640385
15,15,WOJCIECH,WOJCIECHOWSKI,MĘŻCZYZNA,WOJCIECH.WOJCIECHOWSKI@gmail.com,824086464
35,35,SEBASTIAN,JAWORSKI,MĘŻCZYZNA,SEBASTIAN.JAWORSKI@gmail.com,597220466
47,47,ALEKSANDER,DUDA,MĘŻCZYZNA,ALEKSANDER.DUDA@gmail.com,619109863
70,70,BEATA,PAWŁOWSKA,KOBIETA,BEATA.PAWŁOWSKA@02.com,758826628
62,62,MONIKA,MAZUR,KOBIETA,MONIKA.MAZUR@gmail.com,813667110
99,99,MARTYNA,ZALEWSKA,KOBIETA,MARTYNA.ZALEWSKA@poczta.onet.com,829769752
16,16,MARIUSZ,KRAWCZYK,MĘŻCZYZNA,MARIUSZ.KRAWCZYK@gmail.com,801077931
22,22,KAMIL,MICHALSKI,MĘŻCZYZNA,KAMIL.MICHALSKI@gmail.com,671941270
93,93,IZABELA,SZEWCZYK,KOBIETA,IZABELA.SZEWCZYK@gmail.com,858528218
